Start Time,End Time,Tag,Note,Tree Type,Is Success
2022-09-16T14:20:58.882+0300,2022-09-16T15:20:58.882+0300,writing stories,,Cedar,True
2022-09-18T12:59:44.214+0300,2022-09-18T13:59:44.214+0300,writing stories,,Cedar,True
2022-09-18T14:17:27.075+0300,2022-09-18T15:17:27.075+0300,writing stories,,Cedar,True
2022-09-21T13:45:07.109+0300,2022-09-21T15:15:07.109+0300,Unset,,Cedar,True
2022-10-02T14:13:15.245+0300,2022-10-02T15:43:15.245+0300,studying italian,,Bush,True
2022-10-03T13:59:11.853+0300,2022-10-03T14:19:11.853+0300,writing stories,,Cedar,True
2022-10-03T14:19:43.006+0300,2022-10-03T15:19:43.006+0300,studying italian,,Star Coral,True
2022-10-04T16:45:34.450+0300,2022-10-04T17:20:34.450+0300,English,,Star Coral,True
2022-10-04T17:20:50.175+0300,2022-10-04T17:30:50.175+0300,English,,Star Coral,True
2022-10-04T17:36:08.065+0300,2022-10-04T17:56:08.065+0300,studying italian,,Star Coral,True
2022-10-04T18:34:00.457+0300,2022-10-04T19:04:00.457+0300,studying italian,,Star Coral,True
2022-10-05T17:15:34.806+0300,2022-10-05T18:45:34.806+0300,writing stories,,Bush,True
2022-10-06T15:43:40.374+0300,2022-10-06T17:13:40.374+0300,English,,Bush,True
2022-10-06T17:48:35.539+0300,2022-10-06T18:18:35.539+0300,writing stories,,Statue of Tada,True
2022-10-07T14:23:13.702+0300,2022-10-07T15:23:13.702+0300,writing stories,,Statue of Tada,True
2022-10-07T18:23:54.310+0300,2022-10-07T19:08:54.310+0300,studying italian,,Statue of Tada,True
2022-10-08T14:52:55.471+0300,2022-10-08T15:52:55.471+0300,studying italian,,Statue of Tada,True
2022-10-08T16:11:42.702+0300,2022-10-08T16:56:42.702+0300,English,,Cedar,True
2022-10-09T16:03:24.513+0300,2022-10-09T16:48:24.513+0300,English,,Cedar,True
2022-10-09T19:40:26.819+0300,2022-10-09T20:10:26.819+0300,writing stories,,Cedar,True
2022-10-11T23:30:05.194+0300,2022-10-12T00:00:05.194+0300,English,,Cedar,True
2022-10-14T19:12:17.888+0300,2022-10-14T20:12:17.888+0300,English,,Cedar,True
2022-10-17T19:59:18.634+0300,2022-10-17T21:29:18.634+0300,English,,Cedar,True
2022-10-20T17:02:35.785+0300,2022-10-20T18:02:35.785+0300,English,,Cedar,True
2022-10-20T18:53:35.325+0300,2022-10-20T19:38:35.325+0300,English,,Cedar,True
2022-10-24T14:35:16.156+0300,2022-10-24T15:35:16.156+0300,studying italian,,Cedar,True
2022-11-02T11:01:58.172+0300,2022-11-02T11:46:58.172+0300,English,,Star Coral,True
2022-11-03T14:49:24.861+0300,2022-11-03T16:04:24.861+0300,studying italian,,Star Coral,True
2022-11-03T16:32:22.491+0300,2022-11-03T17:02:22.491+0300,Unset,,Star Coral,True
2022-11-05T14:38:07.864+0300,2022-11-05T15:53:07.864+0300,studying italian,,Cedar,True
2022-11-05T16:43:23.221+0300,2022-11-05T17:28:23.221+0300,studying italian,,Cedar,True
2022-11-07T16:13:26.584+0300,2022-11-07T16:58:26.584+0300,studying italian,,Cedar,True
2022-11-13T12:12:09.238+0300,2022-11-13T12:57:09.238+0300,writing stories,,Cedar,True
2022-11-13T13:08:21.971+0300,2022-11-13T13:53:21.971+0300,English,,Statue of Tada,True
2022-11-13T14:26:04.200+0300,2022-11-13T15:26:04.200+0300,English,,Pumpkin,True
2022-11-14T15:05:39.020+0300,2022-11-14T16:35:39.020+0300,English,,Pumpkin,True
2022-11-14T17:21:18.263+0300,2022-11-14T18:01:18.263+0300,English,,Pumpkin,True
2022-11-15T15:42:40.498+0300,2022-11-15T17:42:40.498+0300,English,,Pumpkin,True
2022-11-18T14:07:47.598+0300,2022-11-18T16:07:47.598+0300,writing stories,,Treehouse,True
2022-11-19T14:23:55.489+0300,2022-11-19T16:23:55.489+0300,writing stories,,Treehouse,True
2022-11-21T16:59:44.703+0300,2022-11-21T17:50:12.448+0300,studying italian,,Star Coral,True
2022-11-21T18:06:46.609+0300,2022-11-21T18:38:43.110+0300,studying italian,,Star Coral,True
2022-11-22T16:08:39.960+0300,2022-11-22T17:05:03.695+0300,English,,Bush,True
2022-11-22T17:14:52.678+0300,2022-11-22T18:53:40.731+0300,English,,Bush,True
2022-11-23T14:51:39.457+0300,2022-11-23T15:54:01.036+0300,English,,Treehouse,True
2022-11-23T17:03:41.738+0300,2022-11-23T19:03:41.738+0300,English,,Treehouse,True
2022-11-25T15:05:38.861+0300,2022-11-25T15:48:20.628+0300,writing stories,,Pumpkin,True
2022-11-25T15:53:53.291+0300,2022-11-25T16:31:41.915+0300,English,,Star Coral,True
2022-11-25T17:02:28.273+0300,2022-11-25T18:28:01.202+0300,Study,,Treehouse,True
2022-11-25T18:35:41.895+0300,2022-11-25T18:49:25.192+0300,Study,,Treehouse,True
2022-11-26T17:49:42.106+0300,2022-11-26T18:18:10.100+0300,writing stories,,Treehouse,True
2022-11-26T18:22:51.801+0300,2022-11-26T20:22:51.801+0300,English,,Star Coral,True
2022-11-27T09:55:44.557+0300,2022-11-27T11:06:55.712+0300,English,,Treehouse,True
2022-11-28T14:33:55.165+0300,2022-11-28T15:13:55.165+0300,English,,Treehouse,True
2022-11-28T15:33:27.505+0300,2022-11-28T16:13:27.505+0300,English,,Treehouse,True
2022-11-28T17:15:24.623+0300,2022-11-28T18:15:24.623+0300,English,,Treehouse,True
2022-11-28T20:42:56.528+0300,2022-11-28T22:09:10.972+0300,English,,Treehouse,True
2022-11-30T13:54:29.247+0300,2022-11-30T14:39:29.247+0300,Study,,Treehouse,True
2022-12-05T14:14:27.825+0300,2022-12-05T15:25:44.279+0300,studying italian,,Treehouse,True
2022-12-07T17:10:25.506+0300,2022-12-07T18:24:33.513+0300,studying italian,,Treehouse,True
2022-12-10T15:47:36.829+0300,2022-12-10T17:47:36.829+0300,English,,Cedar,True
2022-12-14T15:13:49.225+0300,2022-12-14T15:41:54.404+0300,studying italian,,Cedar,True
2022-12-17T15:25:37.384+0300,2022-12-17T16:53:01.151+0300,English,,Statue of Tada,True
2022-12-17T16:53:17.074+0300,2022-12-17T18:53:17.074+0300,writing stories,,Cedar,True
2022-12-18T18:12:02.694+0300,2022-12-18T20:12:02.694+0300,English,,Treehouse,True
2022-12-29T14:43:50.300+0300,2022-12-29T15:49:11.068+0300,English,,Christmas Tree,True
2022-12-29T16:22:22.856+0300,2022-12-29T16:53:20.588+0300,English,,Christmas Tree,True
2022-12-29T18:03:07.129+0300,2022-12-29T20:03:07.129+0300,English,,Christmas Tree,True
2022-12-30T14:21:33.923+0300,2022-12-30T15:32:11.604+0300,English,,Christmas Tree,True
2023-01-02T16:02:44.221+0300,2023-01-02T17:14:51.164+0300,English,,Christmas Tree,True
2023-01-02T18:11:38.574+0300,2023-01-02T18:49:41.671+0300,English,,Christmas Tree,True
2023-01-03T14:08:58.846+0300,2023-01-03T15:24:26.603+0300,English,,Christmas Tree,True
2023-01-04T12:37:22.748+0300,2023-01-04T13:25:43.432+0300,English,,Christmas Tree,True
2023-01-04T14:10:00.457+0300,2023-01-04T16:10:00.457+0300,English,,Christmas Tree,True
2023-01-05T14:46:45.690+0300,2023-01-05T16:46:45.690+0300,English,,Christmas Tree,True
2023-01-05T19:57:29.143+0300,2023-01-05T21:57:29.143+0300,English,,Christmas Tree,True
2023-01-07T13:36:42.422+0300,2023-01-07T15:36:42.422+0300,English,,Christmas Tree,True
2023-01-07T18:50:57.017+0300,2023-01-07T19:57:27.450+0300,English,,Pumpkin,True
2023-01-07T21:02:26.511+0300,2023-01-07T21:42:36.110+0300,English,,Tangerine Tree,True
2023-01-07T22:08:53.059+0300,2023-01-08T00:08:53.059+0300,English,,Tangerine Tree,True
2023-01-11T13:14:27.068+0300,2023-01-11T15:14:27.068+0300,English,,Tangerine Tree,True
2023-01-12T14:42:26.866+0300,2023-01-12T15:42:34.319+0300,English,,Tangerine Tree,True
2023-01-14T15:55:55.864+0300,2023-01-14T17:55:55.864+0300,English,,Tangerine Tree,True
2023-01-16T17:32:00.997+0300,2023-01-16T19:32:00.997+0300,English,,Tangerine Tree,True
2023-01-17T20:31:40.250+0300,2023-01-17T22:31:40.250+0300,English,,Tangerine Tree,True
2023-01-27T13:27:06.361+0300,2023-01-27T15:18:42.657+0300,studying italian,,Christmas Tree,True
2023-03-18T19:51:09.202+0300,2023-03-18T20:31:09.202+0300,SPS,,Tangerine Tree,True
2023-03-22T17:18:39.375+0300,2023-03-22T19:18:39.375+0300,NS102,,Christmas Tree,True
2023-03-22T20:01:49.945+0300,2023-03-22T21:33:08.019+0300,NS102,,Tangerine Tree,True
2023-03-22T22:30:35.738+0300,2023-03-22T23:22:19.877+0300,MATH102,,Pumpkin,True
2023-03-23T17:15:18.820+0300,2023-03-23T19:11:55.263+0300,MATH102,,Pumpkin,True
2023-03-24T16:40:34.446+0300,2023-03-24T18:00:44.519+0300,MATH102,,Pumpkin,True
2023-03-24T18:06:27.719+0300,2023-03-24T19:02:58.312+0300,SPS102 1,,Tangerine Tree,True
2023-03-25T22:02:15.561+0300,2023-03-25T23:09:51.711+0300,HIST192,,Star Coral,True
2023-03-27T22:47:09.118+0300,2023-03-27T23:53:07.252+0300,SPS,,Tangerine Tree,True
2023-03-30T14:13:50.799+0300,2023-03-30T15:24:28.575+0300,NS102,,Tangerine Tree,True
2023-03-30T16:46:03.619+0300,2023-03-30T17:21:00.592+0300,NS102,,Tangerine Tree,True
2023-03-30T17:24:33.471+0300,2023-03-30T19:24:33.471+0300,IF100,,Christmas Tree,True
2023-03-31T16:56:24.051+0300,2023-03-31T17:51:04.940+0300,NS102,,Tangerine Tree,True
2023-03-31T18:08:38.903+0300,2023-03-31T19:32:23.436+0300,NS102,,Tangerine Tree,True
2023-04-01T15:27:29.293+0300,2023-04-01T17:27:29.293+0300,MATH102,,Treehouse,True
2023-04-01T17:30:47.353+0300,2023-04-01T18:19:39.956+0300,MATH102,,Treehouse,True
2023-04-01T21:47:54.078+0300,2023-04-01T23:47:54.078+0300,SPS102 1,,Lavender,True
2023-04-01T23:54:53.220+0300,2023-04-02T01:09:01.747+0300,SPS102 1,,Lavender,True
2023-04-02T16:07:27.697+0300,2023-04-02T18:07:27.697+0300,IF100,,Lavender,True
2023-04-02T20:14:46.095+0300,2023-04-02T21:36:22.292+0300,SPS102 1,,Lavender,True
2023-04-02T21:45:11.936+0300,2023-04-02T22:58:51.071+0300,NS102,,Golden Trumpet Tree,True
2023-04-02T23:08:06.396+0300,2023-04-02T23:36:18.981+0300,NS102,,Golden Trumpet Tree,True
2023-04-03T16:47:31.629+0300,2023-04-03T17:21:42.393+0300,SPS102 1,,Wisteria,True
2023-04-03T18:47:05.210+0300,2023-04-03T20:47:05.210+0300,NS102,,Tangerine Tree,True
2023-04-04T20:27:06.105+0300,2023-04-04T21:29:03.883+0300,SPS102 1,,Wisteria,True
2023-04-06T15:27:08.233+0300,2023-04-06T16:42:37.890+0300,HIST192,,Pumpkin,True
2023-04-07T16:14:54.079+0300,2023-04-07T17:28:52.809+0300,IF100,,Tangerine Tree,True
2023-04-07T17:44:02.225+0300,2023-04-07T18:36:31.232+0300,IF100,,Tangerine Tree,True
2023-04-07T19:37:15.141+0300,2023-04-07T21:37:15.141+0300,IF100,,Tangerine Tree,True
2023-04-07T22:21:43.002+0300,2023-04-07T23:44:57.988+0300,IF100,,Tangerine Tree,True
2023-04-08T10:41:54.743+0300,2023-04-08T11:27:48.207+0300,SPS102 1,,Golden Trumpet Tree,True
2023-04-08T11:43:30.767+0300,2023-04-08T13:43:30.767+0300,SPS102 1,,Golden Trumpet Tree,True
2023-04-08T14:42:40.603+0300,2023-04-08T16:42:40.603+0300,SPS102 1,,Golden Trumpet Tree,True
2023-04-08T21:04:51.179+0300,2023-04-08T22:47:46.518+0300,SPS102 1,,Wisteria,True
2023-04-09T10:45:40.690+0300,2023-04-09T11:30:40.690+0300,SPS102 1,,Wisteria,True
2023-04-09T11:30:53.666+0300,2023-04-09T11:52:06.856+0300,SPS102 1,,Wisteria,True
2023-04-09T12:10:52.427+0300,2023-04-09T13:00:52.427+0300,SPS102 1,,Tangerine Tree,True
2023-04-09T13:46:59.473+0300,2023-04-09T15:37:48.401+0300,SPS102 1,,Tangerine Tree,True
2023-04-09T17:33:06.971+0300,2023-04-09T18:50:46.885+0300,SPS102 1,,Tangerine Tree,True
2023-04-09T18:51:11.951+0300,2023-04-09T19:45:29.511+0300,NS102,,Golden Trumpet Tree,True
2023-04-10T23:45:06.057+0300,2023-04-11T01:01:48.723+0300,HIST192,,Lavender,True
2023-04-11T15:09:04.631+0300,2023-04-11T15:23:02.426+0300,HIST192,,Lavender,True
2023-04-11T15:48:34.297+0300,2023-04-11T16:00:32.041+0300,HIST192,,Lavender,True
2023-04-12T07:23:13.307+0300,2023-04-12T08:41:07.737+0300,HIST192,,Lavender,True
2023-04-12T09:26:37.820+0300,2023-04-12T11:26:37.820+0300,HIST192,,Lavender,True
2023-04-12T13:28:24.859+0300,2023-04-12T14:48:37.649+0300,SPS102 1,,Golden Trumpet Tree,True
2023-04-12T16:42:29.747+0300,2023-04-12T17:24:35.975+0300,SPS102 1,,Tangerine Tree,True
2023-04-12T21:18:41.911+0300,2023-04-12T21:50:43.060+0300,NS102,,Christmas Tree,True
2023-04-13T07:27:41.455+0300,2023-04-13T08:04:50.982+0300,NS102,,Lemon Tree,True
2023-04-13T08:54:21.037+0300,2023-04-13T10:54:21.037+0300,NS102,,Lemon Tree,True
2023-04-13T12:01:47.499+0300,2023-04-13T13:51:14.477+0300,NS102,,Lemon Tree,True
2023-04-13T15:27:10.888+0300,2023-04-13T16:19:36.789+0300,NS102,,Lemon Tree,True
2023-04-13T16:25:49.451+0300,2023-04-13T17:18:25.297+0300,SPS102 1,,Tangerine Tree,True
2023-04-13T18:28:49.020+0300,2023-04-13T20:28:49.020+0300,SPS102 1,,Tangerine Tree,True
2023-04-14T16:56:55.563+0300,2023-04-14T17:20:42.387+0300,NS102,,Lemon Tree,True
2023-04-14T17:27:16.347+0300,2023-04-14T18:56:18.896+0300,NS102,,Lemon Tree,True
2023-04-14T20:09:28.137+0300,2023-04-14T21:14:13.158+0300,SPS102 1,,Tangerine Tree,True
2023-04-14T21:14:32.762+0300,2023-04-14T22:55:45.954+0300,NS102,,Wisteria,True
2023-04-14T22:59:31.959+0300,2023-04-14T23:14:13.150+0300,SPS102 1,,Golden Trumpet Tree,True
2023-04-15T16:23:47.756+0300,2023-04-15T17:17:25.574+0300,HIST192,,Golden Trumpet Tree,True
2023-04-15T18:05:05.054+0300,2023-04-15T20:05:05.054+0300,HIST192,,Golden Trumpet Tree,True
2023-04-15T21:19:26.849+0300,2023-04-15T22:39:49.792+0300,HIST192,,Golden Trumpet Tree,True
2023-04-15T23:18:51.115+0300,2023-04-16T01:18:51.115+0300,HIST192,,Golden Trumpet Tree,True
2023-04-20T20:49:39.804+0300,2023-04-20T22:49:39.804+0300,MATH102,,Lavender,True
2023-04-23T12:16:29.369+0300,2023-04-23T13:06:29.369+0300,MATH102,,Tangerine Tree,True
2023-04-23T13:34:14.282+0300,2023-04-23T14:19:14.282+0300,MATH102,,Tangerine Tree,True
2023-04-23T14:19:34.745+0300,2023-04-23T14:30:21.554+0300,MATH102,,Tangerine Tree,True
2023-04-23T14:44:24.880+0300,2023-04-23T15:44:24.880+0300,MATH102,,Tangerine Tree,True
2023-04-23T18:05:21.702+0300,2023-04-23T20:05:21.702+0300,NS102,,Wisteria,True
2023-04-23T20:54:34.026+0300,2023-04-23T21:28:56.133+0300,NS102,,Wisteria,True
2023-04-24T20:32:23.811+0300,2023-04-24T22:32:23.811+0300,SPS102 1,,Tangerine Tree,True
2023-04-25T20:21:52.191+0300,2023-04-25T22:21:52.191+0300,TLL102,,Lavender,True
2023-04-26T07:31:20.650+0300,2023-04-26T08:17:25.268+0300,TLL102,,Lavender,True
2023-04-26T12:53:50.118+0300,2023-04-26T14:53:50.118+0300,TLL102,,Lavender,True
2023-04-26T15:34:22.432+0300,2023-04-26T16:36:18.358+0300,TLL102,,Lavender,True
2023-04-26T22:23:02.181+0300,2023-04-27T00:23:02.181+0300,TLL102,,Lavender,True
2023-04-27T15:07:42.329+0300,2023-04-27T15:43:24.876+0300,MATH102,,Wisteria,True
2023-04-27T15:57:05.315+0300,2023-04-27T16:37:41.404+0300,MATH102,,Wisteria,True
2023-04-27T16:42:41.581+0300,2023-04-27T17:59:04.621+0300,MATH102,,Wisteria,True
2023-04-28T16:18:44.598+0300,2023-04-28T18:18:44.598+0300,MATH102,,Tangerine Tree,True
2023-04-28T18:52:30.822+0300,2023-04-28T20:52:30.822+0300,MATH102,,Tangerine Tree,True
2023-05-17T16:16:17.090+0300,2023-05-17T17:10:23.065+0300,IF100,,Tangerine Tree,True
2023-05-17T17:26:42.775+0300,2023-05-17T18:06:42.775+0300,IF100,,Tangerine Tree,True
2023-05-19T15:17:31.398+0300,2023-05-19T15:57:31.398+0300,SPS102 1,,9th Anniversary Cake Tree,True
2023-05-20T12:51:25.342+0300,2023-05-20T14:01:25.342+0300,SPS102 1,,9th Anniversary Cake Tree,True
2023-05-20T14:02:07.767+0300,2023-05-20T14:42:07.767+0300,SPS102 1,,9th Anniversary Cake Tree,True
2023-05-20T16:30:14.723+0300,2023-05-20T17:30:14.723+0300,NS102,,Tangerine Tree,True
2023-05-20T17:32:25.101+0300,2023-05-20T18:02:25.101+0300,NS102,,Tangerine Tree,True
2023-05-20T18:31:08.623+0300,2023-05-20T18:56:08.623+0300,NS102,,Tangerine Tree,True
2023-05-21T13:48:05.162+0300,2023-05-21T13:58:05.162+0300,Unset,,Cedar,True
2023-05-21T14:00:56.288+0300,2023-05-21T14:40:56.288+0300,Unset,,Cedar,True
2023-05-21T14:48:47.537+0300,2023-05-21T15:08:47.537+0300,Unset,,Golden Trumpet Tree,True
2023-05-21T15:45:58.381+0300,2023-05-21T16:30:58.381+0300,SPS102 1,,Wisteria,True
2023-05-21T16:31:14.057+0300,2023-05-21T17:01:14.057+0300,SPS102 1,,Wisteria,True
2023-05-24T08:46:17.803+0300,2023-05-24T09:36:17.803+0300,MATH102,,Tangerine Tree,True
2023-05-25T10:49:06.922+0300,2023-05-25T11:39:06.922+0300,MATH102,,Tangerine Tree,True
2023-05-25T11:59:50.052+0300,2023-05-25T12:49:50.052+0300,MATH102,,Tangerine Tree,True
2023-05-25T14:59:49.421+0300,2023-05-25T15:49:49.421+0300,MATH102,,Tangerine Tree,True
2023-05-25T17:58:38.688+0300,2023-05-25T18:28:38.688+0300,MATH102,,Tangerine Tree,True
2023-05-31T08:55:12.027+0300,2023-05-31T09:20:12.027+0300,NS102,,Tangerine Tree,True
2023-05-31T09:23:42.876+0300,2023-05-31T09:38:42.876+0300,NS102,,Tangerine Tree,True
2023-05-31T09:44:46.489+0300,2023-05-31T10:34:46.489+0300,MATH102,,Tangerine Tree,True
2023-05-31T13:39:27.574+0300,2023-05-31T14:19:27.574+0300,Unset,,Lavender,True
2023-05-31T14:31:50.111+0300,2023-05-31T15:16:50.111+0300,Unset,,Lavender,True
2023-05-31T17:52:39.839+0300,2023-05-31T19:07:39.839+0300,Unset,,Tangerine Tree,True
2023-05-31T21:15:07.063+0300,2023-05-31T22:45:07.063+0300,MATH102,,Tangerine Tree,True
2023-06-01T10:48:15.979+0300,2023-06-01T11:38:15.979+0300,IF100,,Golden Trumpet Tree,True
2023-06-01T12:08:58.727+0300,2023-06-01T12:58:58.727+0300,IF100,,Golden Trumpet Tree,True
2023-06-01T13:39:01.550+0300,2023-06-01T14:59:01.550+0300,IF100,,Golden Trumpet Tree,True
2023-06-01T15:29:55.671+0300,2023-06-01T16:59:55.671+0300,Unset,,Wisteria,True
2023-06-02T10:13:20.617+0300,2023-06-02T12:13:20.617+0300,Unset,,Lavender,True
2023-06-02T13:23:37.871+0300,2023-06-02T15:23:37.871+0300,Unset,,Tangerine Tree,True
2023-06-02T20:23:03.265+0300,2023-06-02T21:13:03.265+0300,Unset,,Golden Trumpet Tree,True
2023-06-02T22:37:08.539+0300,2023-06-02T23:27:08.539+0300,Unset,,Golden Trumpet Tree,True
2023-06-03T14:03:08.783+0300,2023-06-03T16:03:08.783+0300,SPS102 1,,Lavender,True
2023-06-03T16:58:38.164+0300,2023-06-03T18:58:38.164+0300,SPS102 1,,Lavender,True
2023-06-03T20:15:01.107+0300,2023-06-03T22:15:01.107+0300,SPS102 1,,Tangerine Tree,True
2023-06-03T23:00:32.284+0300,2023-06-04T00:00:32.284+0300,SPS102 1,,Wisteria,True
2023-06-04T13:33:17.339+0300,2023-06-04T15:03:17.339+0300,Unset,,Tangerine Tree,True
2023-06-04T15:11:10.404+0300,2023-06-04T16:01:10.404+0300,NS102,,Tangerine Tree,True
2023-06-04T17:03:05.849+0300,2023-06-04T18:03:05.849+0300,NS102,,Golden Trumpet Tree,True
2023-06-04T18:22:05.889+0300,2023-06-04T19:02:05.889+0300,NS102,,Osmanthus,True
2023-10-22T12:23:29.443+0300,2023-10-22T13:13:29.443+0300,SPS102,,Tangerine Tree,True
2023-11-04T20:34:06.381+0300,2023-11-04T21:04:06.381+0300,Unset,,Golden Trumpet Tree,True
2023-11-04T21:41:05.581+0300,2023-11-04T22:31:05.581+0300,Unset,,Osmanthus,True
2023-11-04T23:26:11.510+0300,2023-11-04T23:56:11.510+0300,Unset,,9th Anniversary Cake Tree,True
2023-11-05T12:43:14.536+0300,2023-11-05T13:13:14.536+0300,Unset,,Lavender,True
2023-11-05T13:22:23.516+0300,2023-11-05T13:52:23.516+0300,Unset,,Lavender,True
2023-11-05T16:37:13.606+0300,2023-11-05T17:27:13.606+0300,Unset,,Lavender,True
2023-11-08T15:47:37.042+0300,2023-11-08T16:57:37.042+0300,MATH102,,Tangerine Tree,True
2023-11-09T09:10:04.585+0300,2023-11-09T09:40:04.585+0300,TLL102,,Tangerine Tree,True
2023-11-09T10:22:14.023+0300,2023-11-09T11:12:14.023+0300,MATH102,,Tangerine Tree,True
2023-11-09T11:21:21.767+0300,2023-11-09T11:56:21.767+0300,MATH102,,Tangerine Tree,True
2023-11-09T12:20:51.874+0300,2023-11-09T13:01:39.112+0300,MATH102,,Wisteria,True
2023-11-09T14:00:55.707+0300,2023-11-09T14:50:55.707+0300,Unset,,Lavender,True
2023-11-09T16:44:27.756+0300,2023-11-09T17:14:27.756+0300,Unset,,Bush,True
2023-11-10T09:20:21.952+0300,2023-11-10T10:20:21.952+0300,Unset,,Osmanthus,True
2023-11-10T12:00:24.087+0300,2023-11-10T12:30:24.087+0300,Unset,,Osmanthus,True
2023-11-10T13:36:19.497+0300,2023-11-10T14:36:19.497+0300,Unset,,Osmanthus,True
2023-11-10T14:50:43.404+0300,2023-11-10T15:20:43.404+0300,Unset,,Bush,True
2023-11-10T16:49:52.500+0300,2023-11-10T18:49:52.500+0300,Unset,,Lavender,True
2023-11-10T18:52:16.164+0300,2023-11-10T19:12:16.164+0300,Unset,,Bush,True
2023-11-10T21:28:17.746+0300,2023-11-10T22:58:17.746+0300,Unset,,Lavender,True
2023-11-11T17:42:30.361+0300,2023-11-11T19:02:30.361+0300,SPS102,,Tangerine Tree,True
2023-11-11T19:34:40.813+0300,2023-11-11T20:34:40.813+0300,NS102,,Jacaranda,True
2023-11-12T18:43:24.960+0300,2023-11-12T19:43:24.960+0300,Unset,,Jacaranda,True
2023-11-15T06:39:11.396+0300,2023-11-15T07:39:11.396+0300,Unset,,Lemon Tree,True
2023-11-15T08:09:24.325+0300,2023-11-15T08:29:24.325+0300,Unset,,Wisteria,True
2023-11-15T10:13:44.666+0300,2023-11-15T10:43:44.666+0300,Unset,,Star Coral,True
2023-11-15T15:16:46.638+0300,2023-11-15T16:01:46.638+0300,Unset,,Lavender,True
2023-11-15T16:07:36.022+0300,2023-11-15T16:27:36.022+0300,Unset,,Lavender,True
2023-11-15T17:47:54.828+0300,2023-11-15T19:17:54.828+0300,Unset,,Lavender,True
2023-11-15T19:19:40.906+0300,2023-11-15T19:39:40.906+0300,Unset,,Lemon Tree,True
2023-11-15T21:51:21.671+0300,2023-11-15T22:21:21.671+0300,Unset,,Lavender,True
2023-11-16T08:17:46.615+0300,2023-11-16T08:52:46.615+0300,Unset,,Lavender,True
2023-11-16T09:21:38.650+0300,2023-11-16T10:21:38.650+0300,Unset,,Lavender,True
2023-11-16T11:37:45.821+0300,2023-11-16T12:57:45.821+0300,Unset,,Lavender,True
2023-11-16T14:16:26.066+0300,2023-11-16T15:31:26.066+0300,Unset,,Lavender,True
2023-11-16T16:05:03.375+0300,2023-11-16T17:25:03.375+0300,Unset,,Lavender,True
2023-11-17T13:46:32.981+0300,2023-11-17T15:01:32.981+0300,Unset,,Wisteria,True
2023-11-17T22:00:29.912+0300,2023-11-18T00:00:29.912+0300,Unset,,Wisteria,True
2023-11-21T12:31:02.289+0300,2023-11-21T13:16:02.289+0300,Unset,,Wisteria,True
2023-11-21T13:27:58.193+0300,2023-11-21T14:12:58.193+0300,Unset,,Wisteria,True
2023-11-22T15:56:25.393+0300,2023-11-22T16:46:25.393+0300,Unset,,Wisteria,True
2023-11-22T16:50:09.141+0300,2023-11-22T17:10:09.141+0300,Unset,,Wisteria,True
2023-11-22T17:48:39.181+0300,2023-11-22T18:48:39.181+0300,Unset,,Wisteria,True
2023-11-23T10:39:24.467+0300,2023-11-23T11:29:24.467+0300,Unset,,Wisteria,True
2023-11-23T12:05:16.570+0300,2023-11-23T12:35:16.570+0300,HIST192,,Golden Trumpet Tree,True
2023-11-23T12:40:21.309+0300,2023-11-23T13:00:21.309+0300,HIST192,,Golden Trumpet Tree,True
2023-11-23T14:36:28.216+0300,2023-11-23T15:36:28.216+0300,HIST192,,Golden Trumpet Tree,True
2023-11-23T15:47:53.267+0300,2023-11-23T16:37:53.267+0300,HIST192,,Golden Trumpet Tree,True
2023-11-23T17:02:13.305+0300,2023-11-23T17:52:13.305+0300,HIST192,,Golden Trumpet Tree,True
2023-11-23T18:11:12.250+0300,2023-11-23T19:11:12.250+0300,HIST192,,Golden Trumpet Tree,True
2023-11-23T22:44:58.291+0300,2023-11-23T23:29:58.291+0300,HIST192,,Golden Trumpet Tree,True
2023-11-24T11:50:33.684+0300,2023-11-24T13:00:33.684+0300,HIST192,,Golden Trumpet Tree,True
2023-11-24T13:36:57.720+0300,2023-11-24T15:06:57.720+0300,HIST192,,Osmanthus,True
2023-11-24T18:04:33.494+0300,2023-11-24T20:04:33.494+0300,HIST192,,Osmanthus,True
2023-11-24T20:41:12.009+0300,2023-11-24T22:01:12.009+0300,HIST192,,Osmanthus,True
2023-11-28T17:24:20.599+0300,2023-11-28T17:44:20.599+0300,SPS102,,Osmanthus,True
2023-11-30T14:46:48.802+0300,2023-11-30T16:01:48.802+0300,MATH102,,Tangerine Tree,True
2023-11-30T16:12:57.391+0300,2023-11-30T16:27:57.391+0300,MATH102,,Tangerine Tree,True
2023-11-30T18:00:16.241+0300,2023-11-30T18:15:16.241+0300,MATH102,,Tangerine Tree,True
2023-12-05T13:32:44.202+0300,2023-12-05T14:12:44.202+0300,SPS102,,Jacaranda,True
2023-12-05T21:15:18.554+0300,2023-12-05T21:45:18.554+0300,SPS102,,Jacaranda,True
2023-12-06T09:34:01.326+0300,2023-12-06T11:04:01.326+0300,MATH102,,Osmanthus,True
2023-12-06T15:31:43.748+0300,2023-12-06T16:31:43.748+0300,MATH102,,Osmanthus,True
2023-12-06T17:33:39.211+0300,2023-12-06T18:33:39.211+0300,MATH102,,Osmanthus,True
2023-12-06T21:01:15.190+0300,2023-12-06T21:31:15.190+0300,MATH102,,Osmanthus,True
2023-12-06T22:22:46.541+0300,2023-12-06T22:42:46.541+0300,MATH102,,Lavender,True
2023-12-07T10:17:11.791+0300,2023-12-07T10:57:11.791+0300,MATH102,,Lavender,True
2023-12-07T11:06:05.029+0300,2023-12-07T11:31:05.029+0300,MATH102,,Lavender,True
2023-12-07T11:38:57.389+0300,2023-12-07T11:58:57.389+0300,MATH102,,Lavender,True
2023-12-07T12:19:41.512+0300,2023-12-07T12:59:41.512+0300,MATH102,,Lavender,True
2023-12-07T13:33:34.744+0300,2023-12-07T14:33:34.744+0300,MATH102,,Lavender,True
2023-12-07T14:36:13.335+0300,2023-12-07T14:56:13.335+0300,MATH102,,Christmas Tree,True
2023-12-07T17:32:12.622+0300,2023-12-07T18:32:12.622+0300,MATH102,,Christmas Tree,True
2023-12-08T14:34:28.066+0300,2023-12-08T16:04:28.066+0300,MATH102,,Osmanthus,True
2023-12-08T16:22:37.043+0300,2023-12-08T17:52:37.043+0300,MATH102,,Golden Trumpet Tree,True
2023-12-08T18:52:59.388+0300,2023-12-08T19:32:59.388+0300,MATH102,,Jacaranda,True
2023-12-13T15:23:56.988+0300,2023-12-13T16:03:56.988+0300,SPS102,,Cherry Blossom,True
2023-12-18T12:56:09.355+0300,2023-12-18T14:11:09.355+0300,SPS102,,Cherry Blossom,True
2023-12-21T15:57:19.581+0300,2023-12-21T16:57:19.581+0300,SPS102,,Cherry Blossom,True
2023-12-21T21:05:19.019+0300,2023-12-21T22:05:19.019+0300,NS102,,Cherry Blossom,True
2023-12-24T18:49:03.472+0300,2023-12-24T19:19:03.472+0300,SPS102 1,,Osmanthus,True
2023-12-24T19:59:46.061+0300,2023-12-24T20:59:46.061+0300,SPS102 1,,Osmanthus,True
2023-12-24T21:25:53.264+0300,2023-12-24T22:25:53.264+0300,SPS102 1,,Osmanthus,True
2023-12-25T13:48:16.858+0300,2023-12-25T14:48:16.858+0300,SPS102 1,,Osmanthus,True
2023-12-25T17:15:53.243+0300,2023-12-25T18:15:53.243+0300,SPS102 1,,Osmanthus,True
2023-12-28T13:12:07.794+0300,2023-12-28T14:57:07.794+0300,NS102,,Osmanthus,True
2023-12-31T12:26:24.007+0300,2023-12-31T13:26:24.007+0300,Unset,,Wisteria,True
2023-12-31T15:35:14.580+0300,2023-12-31T17:35:14.580+0300,NS102,,Cherry Blossom,True
2024-01-01T16:38:37.572+0300,2024-01-01T18:38:37.572+0300,Unset,,Jacaranda,True
2024-01-02T12:34:00.239+0300,2024-01-02T13:04:00.239+0300,Unset,,Jacaranda,True
2024-01-02T15:30:09.307+0300,2024-01-02T17:00:09.307+0300,Unset,,Jacaranda,True
2024-01-02T17:41:08.683+0300,2024-01-02T19:11:08.683+0300,SPS102,,Tangerine Tree,True
2024-01-03T08:42:50.741+0300,2024-01-03T10:02:50.741+0300,SPS102,,Tangerine Tree,True
2024-01-03T10:13:09.990+0300,2024-01-03T10:53:09.990+0300,SPS102,,Tangerine Tree,True
2024-01-03T12:18:30.833+0300,2024-01-03T12:58:30.833+0300,SPS102,,Tangerine Tree,True
2024-01-03T12:59:58.729+0300,2024-01-03T13:29:58.729+0300,SPS102,,Tangerine Tree,True
2024-01-03T15:28:06.923+0300,2024-01-03T16:58:06.923+0300,Unset,,Jacaranda,True
2024-01-03T17:29:39.722+0300,2024-01-03T18:29:39.722+0300,Unset,,Golden Trumpet Tree,True
2024-01-03T22:18:00.868+0300,2024-01-03T23:18:00.868+0300,Unset,,Golden Trumpet Tree,True
2024-01-04T10:49:32.505+0300,2024-01-04T11:54:32.505+0300,SPS102,,Tangerine Tree,True
2024-01-04T10:50:18.598+0300,2024-01-04T11:50:18.598+0300,Unset,,Golden Trumpet Tree,True
2024-01-04T11:56:06.704+0300,2024-01-04T12:26:06.704+0300,NS102,,Lavender,True
2024-01-04T12:40:16.781+0300,2024-01-04T14:00:16.781+0300,NS102,,Lavender,True
2024-01-04T15:22:36.453+0300,2024-01-04T17:02:36.453+0300,Unset,,Golden Trumpet Tree,True
2024-01-04T20:07:56.565+0300,2024-01-04T21:07:56.565+0300,NS102,,Lavender,True
2024-01-04T21:20:27.572+0300,2024-01-04T21:50:27.572+0300,NS102,,Cherry Blossom,True
2024-01-05T11:19:05.747+0300,2024-01-05T12:59:05.747+0300,NS102,,Cherry Blossom,True
2024-01-05T12:59:35.524+0300,2024-01-05T13:19:35.524+0300,NS102,,Cherry Blossom,True
2024-01-05T13:23:41.513+0300,2024-01-05T14:03:41.513+0300,NS102,,Cherry Blossom,True
2024-01-05T15:00:06.946+0300,2024-01-05T17:00:06.946+0300,NS102,,Cherry Blossom,True
2024-01-05T19:05:11.365+0300,2024-01-05T20:35:11.365+0300,NS102,,Cherry Blossom,True
2024-01-06T10:12:58.728+0300,2024-01-06T11:52:58.728+0300,NS102,,Osmanthus,True
2024-01-06T11:59:34.595+0300,2024-01-06T12:39:34.595+0300,NS102,,Osmanthus,True
2024-01-06T12:50:40.231+0300,2024-01-06T13:30:40.231+0300,NS102,,Osmanthus,True
2024-01-06T14:18:14.412+0300,2024-01-06T15:38:14.412+0300,NS102,,Osmanthus,True
2024-01-07T14:15:04.277+0300,2024-01-07T15:00:04.277+0300,SPS102,,Osmanthus,True
2024-01-07T15:15:25.429+0300,2024-01-07T15:40:25.429+0300,HIST192,,Osmanthus,True
2024-01-07T15:47:35.440+0300,2024-01-07T17:02:35.440+0300,SPS102,,Jacaranda,True
2024-01-07T18:41:08.204+0300,2024-01-07T20:41:08.204+0300,SPS102,,Jacaranda,True
2024-01-08T13:29:34.382+0300,2024-01-08T15:29:34.382+0300,SPS102,,Jacaranda,True
2024-01-08T18:24:40.945+0300,2024-01-08T20:24:40.945+0300,SPS102,,Jacaranda,True
2024-01-09T14:35:38.049+0300,2024-01-09T16:35:38.049+0300,HIST192,,Golden Trumpet Tree,True
2024-01-09T17:11:24.361+0300,2024-01-09T19:11:24.361+0300,HIST192,,Golden Trumpet Tree,True
2024-01-14T12:27:41.581+0300,2024-01-14T14:27:41.581+0300,MATH102,,Jacaranda,True
2024-01-14T15:19:39.864+0300,2024-01-14T17:19:39.864+0300,MATH102,,Wisteria,True
2024-01-15T11:45:35.933+0300,2024-01-15T13:45:35.933+0300,MATH102,,Wisteria,True
2024-01-15T14:43:07.119+0300,2024-01-15T16:43:07.119+0300,MATH102,,Christmas Tree,True
2024-01-15T17:12:45.425+0300,2024-01-15T19:12:45.425+0300,MATH102,,Christmas Tree,True
2024-02-20T15:38:14.021+0300,2024-02-20T16:08:14.021+0300,Unset,,Pumpkin,True
2024-02-21T22:05:07.546+0300,2024-02-21T22:35:07.546+0300,Unset,,Pumpkin,True
2024-03-02T19:14:14.978+0300,2024-03-02T20:14:14.978+0300,MATH201,,Lavender,True
2024-03-02T20:14:29.033+0300,2024-03-02T21:14:29.033+0300,MATH201,,Lavender,True
2024-03-04T21:23:45.611+0300,2024-03-04T22:23:45.611+0300,MATH201,,Cherry Blossom,True
2024-03-05T13:46:26.843+0300,2024-03-05T15:16:26.843+0300,MATH201,,Cherry Blossom,True
2024-03-07T15:05:42.422+0300,2024-03-07T15:45:42.422+0300,MATH201,,Cherry Blossom,True
2024-03-07T17:05:35.207+0300,2024-03-07T18:05:35.207+0300,CS201,,Jacaranda,True
2024-03-08T17:08:21.945+0300,2024-03-08T18:08:21.945+0300,MATH203,,Wisteria,True
2024-03-08T18:13:39.468+0300,2024-03-08T18:53:39.468+0300,MATH203,,Wisteria,True
2024-03-09T12:35:56.780+0300,2024-03-09T13:35:56.780+0300,MATH203,,Tangerine Tree,True
2024-03-09T18:11:58.660+0300,2024-03-09T20:01:58.660+0300,MATH203,,Osmanthus,True
2024-03-10T12:17:16.791+0300,2024-03-10T13:47:16.791+0300,MATH203,,Osmanthus,True
2024-03-10T15:39:23.667+0300,2024-03-10T17:09:23.667+0300,MATH203,,Osmanthus,True
2024-03-10T18:47:09.524+0300,2024-03-10T19:47:09.524+0300,CS201,,Cherry Blossom,True
2024-03-13T21:25:10.923+0300,2024-03-13T23:00:10.923+0300,MATH201,,Jacaranda,True
2024-03-14T14:46:20.581+0300,2024-03-14T15:21:20.581+0300,ENS208,,Tangerine Tree,True
2024-03-14T16:41:41.954+0300,2024-03-14T18:11:41.954+0300,MATH201,,Jacaranda,True
2024-03-14T22:38:42.516+0300,2024-03-15T00:08:42.516+0300,MATH201,,Jacaranda,True
2024-03-15T15:39:23.654+0300,2024-03-15T16:59:23.654+0300,MATH201,,Golden Trumpet Tree,True
2024-03-15T17:54:55.628+0300,2024-03-15T18:34:55.628+0300,MATH201,,Golden Trumpet Tree,True
2024-03-15T18:50:54.443+0300,2024-03-15T19:30:54.443+0300,MATH203,,Jacaranda,True
2024-03-16T12:49:29.595+0300,2024-03-16T14:49:29.595+0300,MATH203,,Jacaranda,True
2024-03-16T14:54:55.454+0300,2024-03-16T15:09:55.454+0300,MATH203,,Geraniums,True
2024-03-16T15:48:56.357+0300,2024-03-16T16:58:56.357+0300,MATH203,,Geraniums,True
2024-03-16T19:17:51.660+0300,2024-03-16T19:57:51.660+0300,MATH203,,Geraniums,True
2024-03-16T20:12:34.957+0300,2024-03-16T20:32:34.957+0300,MATH203,,Geraniums,True
2024-03-16T21:05:31.968+0300,2024-03-16T22:30:31.968+0300,PSY201,,Osmanthus,True
2024-03-17T13:37:39.091+0300,2024-03-17T13:57:39.091+0300,PROJ201,,Osmanthus,True
2024-03-17T14:02:07.982+0300,2024-03-17T15:17:07.982+0300,MATH201,,Geraniums,True
2024-03-17T18:36:31.282+0300,2024-03-17T20:36:31.282+0300,MATH201,,Geraniums,True
2024-03-18T09:31:54.830+0300,2024-03-18T10:01:54.830+0300,PSY201,,Geraniums,True
2024-03-18T10:12:36.360+0300,2024-03-18T11:27:36.360+0300,MATH201,,Jacaranda,True
2024-03-19T13:36:14.433+0300,2024-03-19T15:36:14.433+0300,PSY201,,Jacaranda,True
2024-03-19T15:59:40.552+0300,2024-03-19T17:59:40.552+0300,MATH201,,Narcissus,True
2024-03-20T08:15:58.078+0300,2024-03-20T09:00:58.078+0300,PSY201,,Tangerine Tree,True
2024-03-20T09:34:46.096+0300,2024-03-20T11:04:46.096+0300,MATH203,,Jacaranda,True
2024-03-20T13:47:10.024+0300,2024-03-20T15:47:10.024+0300,MATH203,,Jacaranda,True
2024-03-20T20:09:24.510+0300,2024-03-20T22:09:24.510+0300,MATH201,,Golden Trumpet Tree,True
2024-03-21T13:57:16.772+0300,2024-03-21T15:27:16.772+0300,Unset,,Pumpkin,True
2024-03-21T21:10:38.398+0300,2024-03-21T23:10:38.398+0300,MATH201,,Golden Trumpet Tree,True
2024-03-22T09:23:27.338+0300,2024-03-22T10:53:27.338+0300,PSY201,,Narcissus,True
2024-03-22T15:10:50.718+0300,2024-03-22T16:00:50.718+0300,MATH201,,Wisteria,True
2024-03-22T17:17:30.593+0300,2024-03-22T19:17:30.593+0300,MATH203,,Tangerine Tree,True
2024-03-22T22:45:54.349+0300,2024-03-23T00:45:54.349+0300,MATH203,,Jacaranda,True
2024-03-23T11:28:16.623+0300,2024-03-23T12:38:16.623+0300,MATH203,,Tangerine Tree,True
2024-03-23T17:07:36.620+0300,2024-03-23T19:07:36.620+0300,MATH201,,Osmanthus,True
2024-03-23T22:04:24.227+0300,2024-03-23T22:34:24.227+0300,MATH201,,Geraniums,True
2024-03-26T12:57:38.712+0300,2024-03-26T14:57:38.712+0300,CS201,,Wisteria,True
2024-03-26T16:22:19.953+0300,2024-03-26T17:22:19.953+0300,CS201,,Wisteria,True
2024-03-27T10:07:57.374+0300,2024-03-27T10:32:57.374+0300,ENS208,,Lotus,True
2024-03-27T10:43:34.021+0300,2024-03-27T11:23:34.021+0300,ENS208,,Lotus,True
2024-03-27T14:12:45.891+0300,2024-03-27T15:42:45.891+0300,ENS208,,Lotus,True
2024-03-28T10:50:38.551+0300,2024-03-28T11:30:38.551+0300,ENS208,,Lotus,True
2024-03-28T14:14:58.970+0300,2024-03-28T15:44:58.970+0300,ENS208,,Narcissus,True
2024-03-28T15:55:13.761+0300,2024-03-28T16:25:13.761+0300,ENS208,,Narcissus,True
2024-03-29T14:56:24.051+0300,2024-03-29T16:56:24.051+0300,Unset,,Wisteria,True
2024-04-02T15:36:52.242+0300,2024-04-02T16:36:52.242+0300,PSY201,,Jacaranda,True
2024-04-03T13:45:40.706+0300,2024-04-03T14:45:40.706+0300,PSY201,,Jacaranda,True
2024-04-08T13:44:57.525+0300,2024-04-08T15:44:57.525+0300,MATH201,,9th Anniversary Cake Tree,True
2024-04-08T21:29:59.376+0300,2024-04-08T23:29:59.376+0300,MATH201,,Jacaranda,True
2024-04-09T13:11:25.548+0300,2024-04-09T15:11:25.548+0300,MATH201,,Lotus,True
2024-04-09T16:59:29.479+0300,2024-04-09T18:59:29.479+0300,MATH203,,Golden Trumpet Tree,True
2024-04-09T21:42:06.554+0300,2024-04-09T23:42:06.554+0300,MATH203,,Tangerine Tree,True
2024-04-10T16:08:57.872+0300,2024-04-10T18:08:57.872+0300,MATH203,,Tangerine Tree,True
2024-04-11T21:02:04.113+0300,2024-04-11T23:02:04.113+0300,CS201,,Wisteria,True
2024-04-14T16:08:56.405+0300,2024-04-14T18:08:56.405+0300,Unset,,Wisteria,True
2024-04-15T09:48:00.077+0300,2024-04-15T10:28:00.077+0300,CDP,,Golden Trumpet Tree,True
2024-04-16T12:58:43.519+0300,2024-04-16T13:33:43.519+0300,Unset,,Lotus,True
2024-04-16T16:20:59.938+0300,2024-04-16T18:20:59.938+0300,Unset,,Wisteria,True
2024-04-17T16:48:24.044+0300,2024-04-17T18:48:24.044+0300,Unset,,Lotus,True
2024-04-17T20:05:06.913+0300,2024-04-17T21:25:06.913+0300,Unset,,Lotus,True
2024-04-18T16:52:52.761+0300,2024-04-18T18:52:52.761+0300,MATH201,,Osmanthus,True
2024-04-19T14:00:04.113+0300,2024-04-19T15:00:04.113+0300,MATH201,,Osmanthus,True
2024-04-19T17:06:28.761+0300,2024-04-19T19:06:28.761+0300,Unset,,Wisteria,True
2024-04-20T09:53:43.987+0300,2024-04-20T11:53:43.987+0300,Unset,,Wisteria,True
2024-04-20T20:44:02.125+0300,2024-04-20T22:44:02.125+0300,Unset,,Lotus,True
2024-04-21T10:57:10.676+0300,2024-04-21T12:57:10.676+0300,Unset,,Tangerine Tree,True
2024-04-21T13:04:08.371+0300,2024-04-21T13:34:08.371+0300,Unset,,Tangerine Tree,True
2024-04-21T13:43:59.801+0300,2024-04-21T14:13:59.801+0300,Unset,,Tangerine Tree,True
2024-04-23T14:06:36.793+0300,2024-04-23T16:06:36.793+0300,CS201,,Narcissus,True
2024-04-23T16:49:52.138+0300,2024-04-23T18:49:52.138+0300,CS201,,Jacaranda,True
2024-04-24T14:19:54.984+0300,2024-04-24T16:19:54.984+0300,CS201,,Cherry Blossom,True
2024-04-24T20:47:25.541+0300,2024-04-24T22:47:25.541+0300,CS201,,Cherry Blossom,True
2024-04-25T17:02:25.622+0300,2024-04-25T18:32:25.622+0300,Unset,,Lavender,True
2024-04-26T15:53:03.707+0300,2024-04-26T17:53:03.707+0300,CS201,,Cherry Blossom,True
2024-04-26T18:53:38.552+0300,2024-04-26T20:53:38.552+0300,CS201,,Jacaranda,True
2024-04-28T11:39:56.747+0300,2024-04-28T13:39:56.747+0300,MATH201,,Camellia,True
2024-04-28T13:57:38.299+0300,2024-04-28T15:27:38.299+0300,MATH201,,Jacaranda,True
2024-04-28T16:16:26.715+0300,2024-04-28T17:16:26.715+0300,MATH201,,Tangerine Tree,True
2024-04-28T23:00:40.972+0300,2024-04-29T00:00:40.972+0300,MATH201,,Tangerine Tree,True
2024-04-29T23:40:05.075+0300,2024-04-30T00:40:05.075+0300,MATH203,,Lavender,True
2024-04-30T12:36:32.947+0300,2024-04-30T14:36:32.947+0300,MATH201,,Camellia,True
2024-04-30T15:59:38.284+0300,2024-04-30T17:59:38.284+0300,MATH201,,Camellia,True
2024-05-01T11:46:29.043+0300,2024-05-01T12:46:29.043+0300,MATH203,,Wisteria,True
2024-05-01T14:44:09.678+0300,2024-05-01T16:44:09.678+0300,MATH203,,Narcissus,True
2024-05-01T21:27:41.144+0300,2024-05-01T23:27:41.144+0300,MATH201,,Lemon Tree,True
2024-05-02T12:17:29.628+0300,2024-05-02T14:17:29.628+0300,MATH201,,Osmanthus,True
2024-05-02T14:47:56.752+0300,2024-05-02T15:31:26.292+0300,MATH201,,Tangerine Tree,True
2024-05-02T16:49:10.038+0300,2024-05-02T18:12:51.810+0300,MATH201,,Geraniums,True
2024-05-04T10:59:22.928+0300,2024-05-04T12:59:22.928+0300,MATH201,,Geraniums,True
2024-05-05T11:00:05.246+0300,2024-05-05T13:00:05.246+0300,MATH201,,Lavender,True
2024-05-05T16:33:19.358+0300,2024-05-05T18:33:19.358+0300,MATH203,,Lavender,True
2024-05-09T13:17:11.815+0300,2024-05-09T15:17:11.815+0300,ENS208,,Jacaranda,True
2024-05-09T17:15:50.624+0300,2024-05-09T18:29:45.069+0300,ENS208,,Jacaranda,True
2024-05-09T18:30:03.489+0300,2024-05-09T20:30:03.489+0300,MATH203,,Tangerine Tree,True
2024-05-10T18:36:33.707+0300,2024-05-10T20:36:33.707+0300,Unset,,Lavender,True
2024-05-13T19:20:48.733+0300,2024-05-13T21:20:48.733+0300,PSY201,,Osmanthus,True
2024-05-15T14:03:07.093+0300,2024-05-15T16:03:07.093+0300,PSY201,,Jacaranda,True
2024-05-19T18:07:22.890+0300,2024-05-19T20:07:22.890+0300,Unset,,Cedar,True
2024-05-21T12:55:44.851+0300,2024-05-21T14:55:44.851+0300,Unset,,Geraniums,True
2024-05-21T19:31:14.653+0300,2024-05-21T21:31:14.653+0300,Unset,,Camellia,True
2024-05-21T21:31:44.381+0300,2024-05-21T23:31:44.381+0300,Unset,,Geraniums,True
2024-05-22T14:40:03.739+0300,2024-05-22T16:40:03.739+0300,Unset,,Geraniums,True
2024-05-23T17:20:19.104+0300,2024-05-23T19:20:19.104+0300,Unset,,Geraniums,True
2024-05-23T21:26:18.170+0300,2024-05-23T23:26:18.170+0300,MATH203,,Golden Trumpet Tree,True
2024-05-24T11:41:59.978+0300,2024-05-24T12:31:59.978+0300,MATH203,,Jacaranda,True
2024-05-24T13:06:28.718+0300,2024-05-24T15:06:28.718+0300,MATH203,,Jacaranda,True
2024-05-24T17:18:53.241+0300,2024-05-24T19:18:53.241+0300,MATH203,,Tangerine Tree,True
2024-05-27T12:54:53.432+0300,2024-05-27T14:54:53.432+0300,MATH201,,Golden Trumpet Tree,True
2024-05-27T20:55:39.686+0300,2024-05-27T22:55:39.686+0300,MATH201,,Golden Trumpet Tree,True
2024-05-28T12:25:35.357+0300,2024-05-28T14:05:07.364+0300,MATH203,,Jacaranda fairy,True
2024-05-28T16:09:52.540+0300,2024-05-28T18:09:52.540+0300,MATH203,,Jacaranda fairy,True
2024-05-29T12:31:07.270+0300,2024-05-29T14:31:07.270+0300,MATH203,,Geraniums fairy,True
2024-05-29T23:34:29.411+0300,2024-05-30T01:34:29.411+0300,MATH203,,Jacaranda fairy,True
2024-06-01T12:53:24.175+0300,2024-06-01T14:53:24.175+0300,CS201,,Twilight Guardian,True
2024-06-02T09:54:03.439+0300,2024-06-02T11:54:03.439+0300,CS201,,Twilight Guardian,True
2024-06-03T13:09:23.169+0300,2024-06-03T15:09:23.169+0300,CS201,,Jacaranda,True
2024-06-03T15:09:48.366+0300,2024-06-03T16:09:48.366+0300,CS201,,Golden Trumpet Tree,True
2024-06-03T21:06:23.295+0300,2024-06-03T22:22:03.910+0300,ENS208,,Tangerine Tree,True
2024-06-04T12:14:13.008+0300,2024-06-04T14:14:13.008+0300,ENS208,,Tangerine Tree,True
2024-06-04T17:47:14.444+0300,2024-06-04T19:41:19.506+0300,ENS208,,Narcissus,True
2024-06-05T14:09:33.794+0300,2024-06-05T16:09:33.794+0300,ENS208,,Camellia,True
2024-06-05T16:58:04.369+0300,2024-06-05T18:58:04.369+0300,ENS208,,Lily Flower,True
2024-08-14T18:01:39.600+0300,2024-08-14T19:06:09.102+0300,CS201,,Osmanthus,True
2024-08-16T13:17:58.105+0300,2024-08-16T15:17:58.105+0300,CS201,,Osmanthus,True
2024-08-16T16:31:54.598+0300,2024-08-16T18:31:54.598+0300,CS201,,Osmanthus,True
2024-08-17T15:01:43.729+0300,2024-08-17T16:01:43.729+0300,CS201,,Golden Trumpet Tree,True
2024-08-17T16:43:14.930+0300,2024-08-17T17:38:58.633+0300,CS201,,Golden Trumpet Tree,True
2024-08-18T15:04:54.055+0300,2024-08-18T16:48:55.182+0300,CS201,,Golden Trumpet Tree,True
2024-08-19T15:02:33.272+0300,2024-08-19T15:35:41.975+0300,CS201,,Golden Trumpet Tree,True
2024-08-19T16:09:41.193+0300,2024-08-19T17:33:38.871+0300,CS201,,Tangerine Tree,True
2024-08-20T14:39:38.907+0300,2024-08-20T15:49:04.387+0300,CS201,,Camellia,True
2024-08-24T00:56:39.220+0300,2024-08-24T02:56:39.220+0300,CS201,,Camellia,True
2024-09-01T13:24:04.168+0300,2024-09-01T14:24:04.168+0300,CS201,,Camellia,True
2024-09-01T14:45:25.565+0300,2024-09-01T15:45:25.565+0300,CS201,,Osmanthus,True
2024-09-01T16:17:33.905+0300,2024-09-01T17:17:33.905+0300,CS201,,Narcissus,True
2024-09-02T12:32:46.973+0300,2024-09-02T13:42:46.973+0300,CS204 1,,Jacaranda,True
2024-09-02T14:37:11.232+0300,2024-09-02T16:07:11.232+0300,CS204 1,,Jacaranda,True
2024-09-02T17:11:32.447+0300,2024-09-02T18:11:32.447+0300,CS204 1,,Jacaranda,True
2024-09-07T15:01:41.587+0300,2024-09-07T16:31:41.587+0300,CS201,,Narcissus,True
2024-09-13T13:54:34.896+0300,2024-09-13T15:54:34.896+0300,CS204,,Golden Trumpet Tree,True
2024-09-13T16:45:10.030+0300,2024-09-13T18:45:10.030+0300,CS204,,Jacaranda,True
2024-09-14T15:20:21.963+0300,2024-09-14T17:20:21.963+0300,CS204,,Jacaranda,True
2024-09-15T16:56:32.391+0300,2024-09-15T17:56:32.391+0300,CS204,,Narcissus,True
2024-09-25T21:29:55.411+0300,2024-09-25T22:29:55.411+0300,CS204 1,,Osmanthus,True
2024-10-04T08:09:16.032+0300,2024-10-04T08:34:16.032+0300,CS204,,Narcissus,True
2024-10-10T22:10:43.917+0300,2024-10-10T23:10:43.917+0300,ECON202,,Osmanthus,True
2024-10-13T13:31:51.970+0300,2024-10-13T15:31:51.970+0300,MATH204,,Jacaranda,True
2024-10-13T20:22:14.555+0300,2024-10-13T22:22:14.555+0300,MATH204,,Osmanthus,True
2024-10-13T23:31:33.299+0300,2024-10-14T00:51:33.299+0300,CS204 1,,Jacaranda,True
2024-10-14T10:34:15.153+0300,2024-10-14T11:34:15.153+0300,CS204 1,,Golden Trumpet Tree,True
2024-10-14T11:38:49.305+0300,2024-10-14T11:59:08.470+0300,CS204 1,,Golden Trumpet Tree,True
2024-10-14T12:42:23.609+0300,2024-10-14T14:22:23.609+0300,MATH204,,Monstera,True
2024-10-14T20:19:44.117+0300,2024-10-14T22:19:44.117+0300,ECON202,,Osmanthus,True
2024-10-16T14:17:55.373+0300,2024-10-16T15:17:55.373+0300,MATH204,,Mooncake Tree,True
2024-10-16T16:01:00.369+0300,2024-10-16T18:01:00.369+0300,ECON202,,Mooncake Tree,True
2024-10-16T21:46:39.730+0300,2024-10-16T22:16:39.730+0300,DSA210,,Lily Flower,True
2024-10-16T22:17:15.454+0300,2024-10-16T23:32:15.454+0300,HUM201,,Narcissus,True
2024-10-19T13:27:47.782+0300,2024-10-19T14:07:47.782+0300,CS204,,9th Anniversary Cake Tree,True
2024-10-19T14:20:04.593+0300,2024-10-19T15:10:16.723+0300,CS204,,9th Anniversary Cake Tree,True
2024-10-19T16:14:56.326+0300,2024-10-19T17:44:56.326+0300,MATH204,,Lily Flower,True
2024-10-19T19:44:11.354+0300,2024-10-19T21:44:11.354+0300,CS204,,Jacaranda,True
2024-10-21T13:27:59.863+0300,2024-10-21T15:27:59.863+0300,DSA210,,Cedar,True
2024-10-21T18:05:34.724+0300,2024-10-21T19:05:34.724+0300,DSA210,,Cherry Blossom,True
2024-10-21T22:37:44.442+0300,2024-10-21T22:57:44.442+0300,CS204,,Osmanthus,True
2024-10-21T23:13:13.256+0300,2024-10-21T23:53:13.256+0300,CS204,,Osmanthus,True
2024-10-23T20:18:19.990+0300,2024-10-23T22:18:19.990+0300,CS204,,Osmanthus,True
2024-10-24T22:58:05.124+0300,2024-10-25T00:58:05.124+0300,HUM201,,Tangerine Tree,True
2024-10-26T13:47:33.012+0300,2024-10-26T15:10:00.715+0300,MATH204,,Mooncake Tree,True
2024-10-26T15:29:33.561+0300,2024-10-26T16:03:56.709+0300,MATH204,,Cat-tail Willow,True
2024-10-26T16:53:25.842+0300,2024-10-26T18:53:25.842+0300,MATH204,,Golden Trumpet Tree,True
2024-10-28T14:05:30.758+0300,2024-10-28T15:05:30.758+0300,CS204,,Cosmos,True
2024-10-28T19:04:20.182+0300,2024-10-28T21:04:20.182+0300,CS204,,Cosmos,True
2024-10-29T10:20:44.438+0300,2024-10-29T12:00:44.438+0300,MATH204,,Tangerine Tree,True
2024-10-29T12:51:01.928+0300,2024-10-29T14:21:01.928+0300,MATH204,,Tangerine Tree,True
2024-10-29T14:39:51.243+0300,2024-10-29T14:59:51.243+0300,MATH204,,Tangerine Tree,True
2024-10-29T15:43:54.339+0300,2024-10-29T16:43:54.339+0300,MATH204,,Tangerine Tree,True
2024-10-29T21:37:44.563+0300,2024-10-29T23:07:44.563+0300,CS204,,Spooky Tree,True
2024-10-29T23:29:00.034+0300,2024-10-29T23:59:00.034+0300,CS204,,Mooncake Tree,True
2024-10-30T00:26:38.607+0300,2024-10-30T00:56:38.607+0300,CS204,,Mooncake Tree,True
2024-10-30T11:25:43.388+0300,2024-10-30T12:25:43.388+0300,CS204,,Mooncake Tree,True
2024-10-30T15:43:48.365+0300,2024-10-30T17:43:48.365+0300,CS204,,Narcissus,True
2024-10-30T19:07:04.553+0300,2024-10-30T19:34:35.877+0300,CS204,,Lavender,True
2024-10-30T20:05:11.673+0300,2024-10-30T22:05:11.673+0300,HUM201,,Jacaranda,True
2024-10-31T20:40:00.774+0300,2024-10-31T22:40:00.774+0300,ECON202,,Osmanthus,True
2024-11-01T11:02:37.308+0300,2024-11-01T12:02:37.308+0300,MATH204,,Tangerine Tree,True
2024-11-01T12:11:43.263+0300,2024-11-01T12:41:43.263+0300,MATH204,,Tangerine Tree,True
2024-11-01T14:31:08.097+0300,2024-11-01T16:31:08.097+0300,MATH204,,Tangerine Tree,True
2024-11-01T17:07:05.778+0300,2024-11-01T17:52:05.778+0300,MATH204,,Tangerine Tree,True
2024-11-01T20:53:46.407+0300,2024-11-01T22:53:46.407+0300,MATH204,,Tangerine Tree,True
2024-11-02T09:55:27.184+0300,2024-11-02T11:25:27.184+0300,MATH204,,Tangerine Tree,True
2024-11-02T12:31:00.065+0300,2024-11-02T14:01:00.065+0300,MATH204,,Tangerine Tree,True
2024-11-02T14:10:01.000+0300,2024-11-02T14:40:01.000+0300,MATH204,,Jacaranda,True
2024-11-02T15:32:25.373+0300,2024-11-02T17:02:25.373+0300,ECON202,,Lavender,True
2024-11-02T19:16:13.148+0300,2024-11-02T20:16:13.148+0300,MATH204,,Cat-tail Willow,True
2024-11-02T20:34:08.721+0300,2024-11-02T21:34:08.721+0300,MATH204,,Cat-tail Willow,True
2024-11-03T19:26:21.656+0300,2024-11-03T21:26:21.656+0300,ECON202,,Golden Trumpet Tree,True
2024-11-04T13:14:11.998+0300,2024-11-04T14:59:11.998+0300,CS204,,Golden Trumpet Tree,True
2024-11-04T16:48:53.944+0300,2024-11-04T18:48:53.944+0300,CS204,,Golden Trumpet Tree,True
2024-11-04T18:49:18.565+0300,2024-11-04T20:19:18.565+0300,CS204,,Golden Trumpet Tree,True
2024-11-05T18:59:57.195+0300,2024-11-05T19:05:48.347+0300,DSA210,,Jacaranda,False
2024-11-06T10:50:41.813+0300,2024-11-06T12:50:41.813+0300,DSA210,,Jacaranda,True
2024-11-06T18:46:39.182+0300,2024-11-06T20:46:39.182+0300,DSA210,,Cosmos,True
2024-11-06T20:47:12.750+0300,2024-11-06T22:47:12.750+0300,DSA210,,Osmanthus,True
2024-11-07T09:18:09.182+0300,2024-11-07T10:18:09.182+0300,DSA210,,Osmanthus,True
2024-11-07T10:59:05.867+0300,2024-11-07T11:54:05.867+0300,DSA210,,Osmanthus,True
2024-11-07T20:00:00.324+0300,2024-11-07T22:00:00.324+0300,DSA210,,Osmanthus,True
2024-11-08T13:58:01.639+0300,2024-11-08T14:48:01.639+0300,ECON202,,Jacaranda,True
2024-11-08T15:29:35.309+0300,2024-11-08T16:59:35.309+0300,CS204,,Cherry Blossom,True
2024-11-08T18:30:36.758+0300,2024-11-08T20:10:36.758+0300,CS204,,Cherry Blossom,True
2024-11-08T20:48:40.535+0300,2024-11-08T22:48:40.535+0300,CS204,,Cherry Blossom,True
2024-11-09T00:10:41.237+0300,2024-11-09T01:00:41.237+0300,NS206,,Cosmos,True
2024-11-09T09:22:05.639+0300,2024-11-09T10:52:05.639+0300,NS206,,Cosmos,True
2024-11-09T10:57:31.203+0300,2024-11-09T11:35:00.766+0300,NS206,,Jacaranda,True
2024-11-09T11:43:19.682+0300,2024-11-09T12:32:59.926+0300,NS206,,Jacaranda,True
2024-11-09T13:29:55.548+0300,2024-11-09T14:23:01.655+0300,CS204,,Camellia,True
2024-11-09T14:35:23.349+0300,2024-11-09T16:35:23.349+0300,CS204,,Camellia,True
2024-11-09T16:56:10.534+0300,2024-11-09T17:16:10.534+0300,CS204,,Camellia,True
2024-11-09T17:22:33.354+0300,2024-11-09T18:02:33.354+0300,CS204,,Camellia,True
2024-11-09T18:57:49.936+0300,2024-11-09T20:07:49.936+0300,CS204,,Camellia,True
2024-11-09T20:09:59.964+0300,2024-11-09T20:49:59.964+0300,CS204,,Camellia,True
2024-11-09T21:02:23.707+0300,2024-11-09T21:15:22.625+0300,DSA210,,Geraniums,True
2024-11-09T21:42:43.402+0300,2024-11-09T22:57:46.134+0300,DSA210,,Geraniums,True
2024-11-09T23:01:19.427+0300,2024-11-10T00:00:29.043+0300,DSA210,,Geraniums,True
2024-11-10T00:12:16.927+0300,2024-11-10T01:00:14.037+0300,DSA210,,Geraniums,True
2024-11-10T22:47:45.021+0300,2024-11-10T23:47:45.021+0300,NS206,,Cherry Blossom,True
2024-11-11T11:42:10.889+0300,2024-11-11T12:57:13.782+0300,ECON202,,9th Anniversary Cake Tree,True
2024-11-11T13:14:13.703+0300,2024-11-11T13:33:28.616+0300,ECON202,,Golden Trumpet Tree,True
2024-11-11T15:49:17.262+0300,2024-11-11T17:19:17.262+0300,ECON202,,Geraniums,True
2024-11-11T18:13:19.350+0300,2024-11-11T18:33:19.350+0300,ECON202,,Geraniums,True
2024-11-11T19:02:22.667+0300,2024-11-11T19:32:22.667+0300,CS204,,Tangerine Tree,True
2024-11-11T20:35:58.621+0300,2024-11-11T22:35:58.621+0300,ECON202,,Christmas Tree,True
2024-11-12T00:10:24.474+0300,2024-11-12T02:10:24.474+0300,ECON202,,Lotus,True
2024-11-12T17:08:33.226+0300,2024-11-12T19:08:33.226+0300,NS206,,Camellia,True
2024-11-12T19:52:16.000+0300,2024-11-12T21:52:16.000+0300,NS206,,Tangerine Tree,True
2024-11-12T21:59:03.817+0300,2024-11-12T22:59:03.817+0300,NS206,,Tangerine Tree,True
2024-11-13T10:18:30.156+0300,2024-11-13T12:18:30.156+0300,NS206,,Cherry Blossom,True
2024-11-13T14:14:07.735+0300,2024-11-13T16:14:07.735+0300,NS206,,Cherry Blossom,True
2024-11-13T17:36:42.817+0300,2024-11-13T19:16:42.817+0300,CS204,,Narcissus,True
2024-11-13T20:07:02.696+0300,2024-11-13T21:37:02.696+0300,CS204,,Lavender,True
2024-11-14T11:04:40.286+0300,2024-11-14T13:04:40.286+0300,CS204,,Lavender,True
2024-11-14T17:08:03.488+0300,2024-11-14T19:08:03.488+0300,CS204,,Twilight Guardian,True
2024-11-14T19:27:22.885+0300,2024-11-14T21:27:22.885+0300,CS204,,Maple,True
2024-11-14T21:43:00.681+0300,2024-11-14T23:03:00.681+0300,CS204,,Carnation,True
2024-11-15T09:36:26.426+0300,2024-11-15T11:36:26.426+0300,CS204,,Osmanthus,True
2024-11-15T14:24:39.221+0300,2024-11-15T16:24:39.221+0300,CS204,,Carnation,True
2024-11-15T16:26:57.626+0300,2024-11-15T17:08:59.607+0300,CS204,,Cat-tail Willow,True
2024-11-15T17:17:34.355+0300,2024-11-15T18:48:16.312+0300,CS204,,Narcissus,True
2024-11-15T19:58:08.433+0300,2024-11-15T21:58:08.433+0300,CS204,,Camellia,True
2024-11-15T22:45:50.655+0300,2024-11-15T23:34:26.071+0300,CS204,,Treehouse,True
2024-11-16T09:55:33.803+0300,2024-11-16T11:55:33.803+0300,CS204,,Treehouse,True
2024-11-18T12:25:25.777+0300,2024-11-18T13:32:13.102+0300,HUM201,,Narcissus,True
2024-11-18T13:48:28.659+0300,2024-11-18T15:00:11.110+0300,HUM201,,Cosmos,True
2024-11-18T18:58:38.436+0300,2024-11-18T20:58:38.436+0300,HUM201,,Tangerine Tree,True
2024-11-19T10:47:00.315+0300,2024-11-19T12:13:29.308+0300,HUM201,,Cat-tail Willow,True
